Region,Area (px),Major (px),Minor (px),Center x,Center y,Angle (deg)
1,5145.5,94.86832980505137,59.90826320300064,363.56219482421875,460.8458557128906,123.88558578491212
